N,kernel_lang,kernel_name
90734,"""python""","""python3"""
57172,,
56363,"""python""","""python2"""
3540,"""python""","""Python [Root]"""
3400,"""python""","""conda-root-py"""
1395,"""R""","""ir"""
1032,"""julia""","""julia-0.4"""
544,"""julia""","""julia-0.6"""
463,"""julia""","""julia-0.5"""
429,,"""python2"""
429,,"""python3"""
359,"""python""","""django_extensions"""
322,"""haskell""","""haskell"""
314,"""bash""","""bash"""
273,"""julia""","""julia-0.3"""
267,"""c++""","""root"""
249,"""groovy""","""groovy"""
193,"""R""","""R [r]"""
184,"""ruby""","""ruby"""
158,"""python""","""conda-env-py27-py"""
154,"""python2""","""python2"""
148,"""scala""","""apache_toree_scala"""
143,"""julia""","""julia 0.3"""
133,"""lua""","""itorch"""
128,"""julia""","""julia-1.0"""
126,"""python""","""conda-env-py35-py"""
124,"""""","""sagemath"""
100,"""python""","""global-tf-python-3"""
97,"""python""","""vpython"""
96,"""scala""","""scala"""
94,"""python""","""conda-env-python3-py"""
93,"""python""","""cap_env"""
92,"""python""","""conda-env-adventofcode-py"""
86,"""python""","""python2.7"""
85,"""scala211""","""scala211"""
83,"""python""","""work"""
80,"""javascript""","""javascript"""
78,"""python""","""Python [py35]"""
76,"""python""","""pyspark3_2.x"""
76,"""python""","""Python [gl-env]"""
74,"""""","""ir"""
71,"""python""","""conda-env-tensorflow-py"""
70,"""matlab""","""matlab"""
70,"""sos""","""sos"""
68,"""C++14""","""xeus-cling-cpp14"""
67,"""python""","""conda-env-py3-py"""
67,"""python""","""qudi"""
66,"""python""","""conda-env-hodemulator-py"""
66,"""python""","""p3"""
63,"""python""","""python36"""
59,"""fsharp""","""ifsharp"""
58,"""python""","""Python [py27]"""
58,"""""","""xeus-cling-cpp14"""
58,"""python""","""conda-env-py36-py"""
57,"""python""","""conda-env-anaconda-py"""
56,"""python""","""py3"""
55,"""octave""","""octave"""
55,"""python""","""fastai"""
53,"""python3""","""python3"""
53,"""python""","""apache_toree_pyspark"""
52,"""julia""","""julia"""
47,"""python""","""conda-env-skrecipe-py"""
46,"""python""","""conda-env-gt-py"""
45,"""python""","""conda-env-rmg_env-py"""
43,"""""","""python3"""
43,"""python""","""pyspark"""
42,"""python""","""python3.4"""
42,"""python""","""conda-env-stable-py"""
42,"""python""","""Python [python3]"""
40,"""python""","""conda-env-p3-py"""
40,"""python""","""conda-env-mlpy3-py"""
38,"""javascript""","""node_nteract"""
38,"""python""","""conda_py35"""
36,"""python""","""Python [py3]"""
34,"""python""","""conda-env-tflearn-py"""
33,"""python""","""conda-env-py2-py"""
33,"""java""","""java"""
32,"""python""","""python3.5"""
32,"""python""","""conda-env-tf-py"""
32,"""python""","""tensorflow"""
30,"""python""","""conda-env-py34-py"""
30,"""python""","""conda-env-ccns-py"""
29,"""go""","""gophernotes"""
29,"""""","""cling"""
29,"""python""","""seaborn-dev"""
29,"""R""","""ir32"""
28,"""OCaml""","""ocaml-jupyter"""
28,"""python""","""stable"""
28,"""clojure""","""clojure"""
27,"""""","""pyspark"""
27,"""python""","""py36"""
27,"""python""","""Python [new2]"""
27,"""""","""cie"""
27,"""python""","""dspy3"""
27,"""python""","""openmc"""
27,"""python""","""anaconda3"""
25,"""python""","""venv"""
25,"""scala""","""spark"""
24,"""python""","""conda-env-mypy36-py"""
23,"""python""","""conda-env-mayavi_env-py"""
23,"""""","""stable"""
23,"""python""","""python2-spark20"""
22,"""python""","""cvxpy"""
22,"""python""","""conda-env-bml-py"""
20,"""python""","""metatlas"""
20,"""python""","""conda-env-saga-py"""
20,"""python""","""testm3"""
20,"""python""","""conda-env-comoving-rv-py"""
20,"""python""","""conda-env-gl-env-py"""
19,"""scala""","""spark2-scala"""
19,"""julia""","""julia-0.7"""
19,"""python""","""cs231n"""
19,"""J""","""jkernel"""
19,"""groovy""","""scijava"""
18,"""python""","""Python [fluentPy]"""
18,"""python""","""gps"""
18,"""python""","""conda-env-tf12-py"""
18,"""python""","""conda-env-bayes-py"""
18,"""python""","""widgets-2017"""
17,"""python""","""Python [tuthpc]"""
17,"""python""","""conda-env-dl-py"""
17,"""python""","""conda-env-kaggle-py"""
17,"""python""","""conda-env-dlnd-tf-lab-py"""
16,"""python""","""conda-env-emp-py3-py"""
16,"""python""","""conda-env-buda-ratings-py"""
16,"""""","""cling-cpp14"""
16,"""kotlin""","""kotlin"""
16,,"""python3_mydev"""
16,"""python""","""conda-env-hwenv-py"""
16,"""python""","""conda-env-twoface-py"""
16,"""python""","""testenv"""
16,"""python""","""fai3"""
15,"""python""","""mypy27"""
15,"""python""","""conda-env-tensorflow_c-py"""
15,"""python""","""py27"""
15,"""python""","""ioos_python2"""
15,"""python""","""conda-env-ds_ml_portfolio-py"""
15,"""python""","""test"""
15,"""python""","""conda-env-dlnd-py"""
14,"""python""","""ncga (p3)"""
14,"""python""","""conda-env-cntk-py34-py"""
14,"""python""","""conda-env-python2-py"""
14,"""python""","""root"""
14,"""python""","""Python [dato]"""
14,"""python""","""python36test2"""
14,"""sas""","""sas"""
14,"""python""","""geonotebook2"""
14,"""python""","""conda-env-tf14-py"""
14,"""python""","""anaconda_py3"""
14,"""python""","""conda-env-Python 2-py"""
14,"""python""","""virtualenv"""
14,"""python""","""conda-env-isaac_revo_healthcare-py"""
14,"""python""","""conda-env-python27-py"""
13,"""python""","""conda-env-test1-py"""
13,"""r""","""ir-sage"""
13,"""python""","""conda-env-px4-py"""
13,"""ocaml""","""iocaml-kernel"""
13,"""python""","""anaconda_2.5.0_python3"""
13,"""scala""","""spark_geomesa_1.2.4_scala"""
13,"""python""","""conda-env-scisheets_env-py"""
13,"""python""","""conda-env-py3_tf1-py"""
13,"""python""","""python34"""
13,"""python""","""py34"""
13,"""python""","""conda-env-Anaconda3-py"""
13,"""python""","""conda-env-ml_python-py"""
13,"""python""","""conda-env-astroconda-py"""
12,"""python""","""python-for-finance"""
12,"""python""","""KERNEL_NAME"""
12,"""python""","""sourcenet"""
12,"""python""","""conda-env-sims-py"""
12,"""python""","""conda-env-tf-gpu-py"""
12,"""python""","""pyspark3-med"""
12,"""python""","""p35"""
12,"""python""","""python2-spark21"""
12,"""python""","""conda-env-keras-py"""
12,"""python""","""conda-env-phd-py"""
12,"""python""","""conda-env-python35-py"""
12,"""python""","""lsst"""
12,"""python""","""cshl-sca-2017"""
11,"""python""","""conda-env-deepLearning-py"""
11,"""python""","""conda-env-my-py3-env-py"""
11,"""python""","""conda-env-python-2.7-py"""
11,"""python""","""conda-env-Anaconda2-py"""
11,"""python""","""python3_sfam"""
11,"""python""","""sbmlutils"""
11,"""python""","""conda-env-Jadhav-2016-Data-Analysis-py"""
11,"""python""","""neon"""
11,"""python""","""myenv"""
11,"""python""","""augur"""
11,"""python""","""python3.6"""
11,"""R""","""ir33"""
11,"""python""","""py35"""
11,"""""","""r"""
11,"""python""","""deep-learning"""
10,"""python""","""puzzles_venv"""
10,"""julia""","""julia 0.4"""
10,"""python""","""conda-env-PY27_Test-py"""
10,"""python""","""python"""
10,"""python""","""psci"""
10,"""python""","""Python [insight]"""
10,"""python""","""beam_venv_kernel"""
10,"""python""","""conda-env-myconda-py"""
10,"""python""","""conda_drl"""
10,"""python""","""conda-env-cfm-py"""
10,"""scala""","""toree_scala"""
10,"""python""","""legacypipe-master"""
10,"""python""","""conda-env-PY36-py"""
10,"""python""","""conda-env-py2_ley0.4-py"""
10,"""python""","""tensordev"""
10,"""python""","""Python [snowflakes]"""
10,"""javascript""","""eclair"""
10,"""python""","""protein_binding"""
10,"""python""","""scratch"""
10,"""python""","""quant"""
10,"""python""","""pui2016_python2"""
10,"""python""","""conda-env-kwturing-py"""
9,"""python""","""conda-env-tensorflow1.1-py"""
9,"""ncl""","""ncl_kernel"""
9,"""python""","""conda-env-ds100-py"""
9,"""go""","""lgo"""
9,"""python""","""jyidv_kernel"""
9,"""scheme""","""calysto_scheme"""
9,"""""","""python3.4"""
9,"""python""","""conda-env-IOOS3-py"""
9,"""python""","""pyspark1.6"""
9,"""racket""","""racket"""
9,"""python""","""conda-env-lab_conda-py"""
9,"""python""","""notebook3"""
9,"""python""","""conda-env-dev-py"""
9,"""python""","""py2"""
9,"""python""","""widgets-tutorial"""
9,"""javascript""","""nodejs"""
9,"""python""","""Python [spint]"""
9,"""hy""","""calysto_hy"""
9,"""python""","""conda-env-anaconda431-py35-py"""
9,"""""","""toree"""
9,"""python""","""nams"""
8,"""python""","""Python [py2]"""
8,"""gap""","""gap-native"""
8,"""python""","""snorkel-0.6"""
8,"""python""","""conda-env-RoboND-py"""
8,"""python""","""conda-env-p2-py"""
8,"""python""","""Python [tensorflow]"""
8,"""python""","""conda-env-new-py"""
8,"""lisp""","""lisp"""
8,"""python""","""Python [ana35]"""
8,"""python""","""conda-env-DAND-py"""
8,"""python""","""Python [qutip]"""
8,"""python""","""pyspark1.6python2"""
8,"""hy""","""hy"""
8,"""python3.5""","""python3"""
8,"""python""","""iris_python2"""
8,"""python""","""conda-env-clipseq-py"""
8,"""Elixir""","""ielixir"""
8,"""python""","""Python [py3k]"""
7,"""python""","""conda-env-binder-py"""
7,"""""","""archivespark_dynamic"""
7,"""python""","""conda-env-generic1-py"""
7,"""python""","""mlcv360"""
7,"""regent""","""regent"""
7,"""python""","""conda-env-tf1.3-py"""
7,"""python""","""ak"""
7,"""python""","""conda-env-seg_ml_contest_py2-py"""
7,"""python3.4""","""python3"""
7,"""python""","""conda-env-anaconda3-py"""
7,"""python""","""conda-env-opendata-py"""
7,"""python""","""conda-env-marvin-py3-py"""
7,"""python""","""conda-env-python_workshop-py"""
7,"""python""","""Python [bayes]"""
7,"""python""","""conda-env-extreme-py"""
7,"""python""","""conda-env-py3k-py"""
7,"""R""","""r"""
7,"""csharp""","""csharp"""
7,"""python""","""conda-env-multispot_paper-py"""
7,"""python""","""conda_video-processing"""
6,"""python""","""conda-env-deepchem-py"""
6,"""python""","""conda-env-qstem-py"""
6,"""python""","""conda_python352-ml"""
6,"""R""","""ir34"""
6,"""lua""","""splash"""
6,"""python""","""tf-lattice"""
6,"""python""","""python35"""
6,"""python""","""conda-env-django-py"""
6,"""python""","""conda-env-CarND-TensorFlow-Lab-py"""
6,"""python""","""oceano"""
6,"""python""","""tf_venv"""
6,"""scala""","""scala-spark21"""
6,"""python""","""conda-env-anaconda27-py"""
6,"""python""","""conda-env-flyingpigeon-py"""
6,"""python""","""conda-env-abelian-py"""
6,"""python""","""pythonwithpixiedustspark23"""
6,"""python""","""conda-env-udacity-py"""
6,"""python""","""conda-env-cis_env-py"""
6,"""python""","""py-bbn"""
6,"""python""","""conda-env-better-work-done-faster-py"""
6,"""python""","""conda-env-evolimmune-py"""
6,"""python""","""conda-env-ds100win-py"""
6,"""python""","""conda-env-venv_py27-py"""
6,"""""","""srv2-analysis-kernel"""
6,"""SQL""","""sql"""
6,"""python""","""Python [colour-2.7]"""
6,"""python""","""tf-alpha"""
6,"""""","""python-3.5"""
6,"""python""","""conda-env-tf-cpu-py"""
6,"""python""","""conda-env-freediscovery-env-py"""
6,"""python""","""dcprogsgcc"""
6,"""python""","""conda-env-ml-py"""
6,"""python""","""pygrass"""
6,"""python""","""conda-env-desi-py"""
6,"""python""","""conda-env-mwl-py"""
6,"""python""","""conda-env-tensorflow-gpu-py"""
6,"""python""","""conda-env-emp-py2-py"""
6,"""python""","""conda-env-pextant-py"""
6,"""python""","""Python [Jadhav-2016-Data-Analysis]"""
6,"""fricas""","""fricas"""
6,,"""sage-7.6"""
6,"""python""","""conda-env-fretbursts-dev-py"""
6,"""maxima""","""maxima"""
6,"""python""","""femagtools-workshop"""
6,"""python""","""conda-env-ipykernel_py2-py"""
6,"""R""","""conda-env-py3_ley0.4-r"""
6,"""python""","""conda-env-cntk35-py"""
6,"""python""","""conda-env-deuteronomy-py"""
5,"""python""","""pygchem_py27"""
5,"""scala210""","""scala210"""
5,"""python""","""env"""
5,"""R""","""conda-env-SIPSim_py3-r"""
5,"""python""","""Python [TPInsa]"""
5,"""python""","""Python [ml]"""
5,"""""","""srv1-analysis-kernel"""
5,"""python""","""conda-env-atn-tools-py"""
5,"""python""","""conda-env-compana16-py"""
5,"""""","""cling-cpp11"""
5,"""python""","""conda-env-tf27-py"""
5,"""python""","""conda-env-playground-py"""
5,"""python""","""conda-env-datasci-py"""
5,"""R""","""ir35"""
5,"""python""","""conda-env-pyfor_env-py"""
5,"""python""","""tensorflow-env"""
5,"""python""","""conda-env-systematic-ar-study-py"""
5,"""python""","""paper_platform-m0k6jask"""
5,"""python""","""conda-env-dftools-py"""
5,"""python""","""dl"""
5,"""python""","""other-env"""
5,"""python""","""conda-env-network-py"""
5,"""python""","""py36deepudacity"""
5,"""python""","""python-kernel-GCB535"""
5,"""python""","""dspsp-analysis"""
5,"""""","""python3.5"""
5,"""python""","""venvltp"""
5,"""python""","""conda-env-bhplayground-py"""
5,"""matlab""","""matlab_kernel"""
5,"""python""","""anaconda_py2"""
5,"""python""","""Python [stable]"""
5,"""""","""archivespark"""
5,,"""julia"""
5,"""python""","""conda-env-web-env-py"""
4,"""scala""","""scala-develop"""
4,"""python""","""insightpy3"""
4,"""scala""","""idax-scala"""
4,"""python""",""""""
4,"""python""","""conda-env-anaconda2-py"""
4,"""python""","""conda-env-datamining-py"""
4,"""python""","""Python [oldscikit]"""
4,"""python""","""conda-env-AC209-py"""
4,"""python""","""conda-env-fastai-py"""
4,"""python""","""dsfp5"""
4,"""python""","""conda-env-temp9-py"""
4,"""""","""aimlbot"""
4,"""python""","""conda-env-hyperparameters-optimization-py"""
4,"""python""","""mass_spec_cori"""
4,"""python""","""forms2"""
4,"""python""","""conda-env-course2016-py"""
4,"""python""","""freecad_kernel"""
4,"""R""","""conda-env-IOOS-r"""
4,"""python""","""conda-env-nlp-py"""
4,"""python""","""conda-env-abg-py"""
4,"""""","""pysparkkernel"""
4,"""python""","""mutate"""
4,"""python""","""conda_datatest"""
4,"""""","""spark"""
4,"""python""","""conda-env-csc322622-py"""
4,"""python""","""conda-env-mnist-sounds-py"""
4,"""octave""","""octave_kernel"""
4,"""python""","""conda_tf"""
4,"""python""","""conda-env-pytorch-py"""
4,"""python""","""geepy3"""
4,"""python""","""conda-env-cellpy-py"""
4,"""python""","""conda-env-solidspy-dev-py"""
4,"""python""",""".whatstk"""
4,"""python""","""conda-env-odm2client-py"""
4,"""python""","""conda-env-py3_spgh_dev-py"""
4,"""python""","""python27"""
4,"""python""","""Python [summerschool]"""
4,"""R""","""r-spark21"""
4,"""python""","""conda-env-xpysis-dev-py"""
4,"""python""",""".tracy"""
4,"""python""","""conda-env-pyjedi-py"""
4,"""python""","""conda-env-projects-py"""
4,"""python""","""conda-env-py3.5-py"""
4,"""python""","""conda-env-sk-py"""
4,"""python""","""Python [anaconda27]"""
4,"""python""","""Python [echo]"""
4,"""python""","""conda-env-hot_plasma_1_paper-py"""
4,"""python""","""conda-env-fludashboard-development-py"""
4,"""python""","""conda-env-carnd-py"""
4,"""python""","""conda-env-neural-networks-py"""
4,"""python""","""conda-env-tensorflow2-py"""
4,"""python""","""conda-env-mllearn-py"""
4,"""python""","""deeplearningproject"""
4,"""python""","""Python [test_gwr]"""
4,"""python""","""conda-env-tf18_1-py"""
4,"""python""","""conda-env-dl_u-py"""
4,"""javascript""","""eclairjs"""
4,"""python""","""learning"""
4,"""python""","""tf"""
4,"""python""","""geetools_py3"""
4,"""python""","""conda-env-tf2-py"""
4,"""r""","""ir"""
4,"""python""","""conda-env-openpiv-py"""
4,"""python""","""research"""
4,"""python""","""conda-env-idp2-py"""
4,"""php""","""jupyter-php"""
4,"""python""","""conda-env-ds100bow-py"""
4,"""python""","""dnm-opt"""
4,"""python""","""conda-env-jupyter-py"""
4,"""python""","""pyspark3"""
3,"""python""","""tensorocv"""
3,"""python""","""python3_conda"""
3,"""python""","""zipline34"""
3,"""python""","""pypy"""
3,"""gnuplot""","""gnuplot"""
3,"""python""","""charis"""
3,"""python""","""conda-env-rp-py"""
3,"""python""","""spark2.1.0_pyspark"""
3,"""python""","""conda-env-sdcnd-py"""
3,"""python""","""conda-env-keras_tensorflow-py"""
3,"""python""","""predictivemaintenance_dlvmjme"""
3,"""python""","""conda-python3"""
3,"""python""","""conda-env-nb35-py"""
3,"""python""","""mongodb-kernel"""
3,"""python""","""Python [pyart35]"""
3,"""python""","""conda-env-data-py"""
3,"""python""","""conda-env-Python3-py"""
3,"""python""","""conda-env-turk-py"""
3,"""python""","""pgmpy"""
3,"""python""","""presentations_env"""
3,"""python""","""matplotlib"""
3,"""python""","""conda-env-USelections-py"""
3,"""python""","""conda_py3tf"""
3,"""python""","""conda-env-stats-py"""
3,"""python""","""python3-spark20"""
3,"""python""","""haeds"""
3,"""python""","""ed"""
3,"""python""","""conda-env-forms2-py"""
3,"""python""","""psi"""
3,"""python""","""conda-env-image-processing-py"""
3,"""python""","""cetb"""
3,"""""","""toree210"""
3,"""python""","""mypy3"""
3,"""python""","""conda-env-python36-py"""
3,"""python""","""conda-env-condapy2-py"""
3,"""python""","""conda-env-openCV-py"""
3,"""scala""","""spylon-kernel"""
3,"""python""","""Python [hdbscan_dev]"""
3,"""python""","""yapt"""
3,"""python""","""pythonwithpixiedustspark20"""
3,"""python""","""conda-env-conda-py"""
3,"""python""","""conda-env-mlbook-py"""
3,"""python""","""conda-env-Python3.5-py"""
3,"""python""","""tflearn"""
3,"""python""","""conda-env-eniric-py"""
3,"""python""","""rlac-momento"""
3,"""python""","""conda-env-testsuite-py"""
3,"""python""","""ekans_py27"""
3,"""python""","""flutype_webapp"""
3,"""python""","""Python [datasci]"""
3,"""python""","""Python [dlnd-tf-lab]"""
3,"""""","""sparkkernel"""
3,"""python""","""Python [pykrige_dev]"""
3,"""python""","""conda-env-pysinga-py"""
3,"""python""","""conda-env-thw-py"""
3,"""python""","""dsawl_env"""
3,"""python""","""genetic-variation"""
3,"""python""","""conda-env-py3-dev-py"""
3,"""python""","""kerastf_python3"""
3,"""python""","""desi-development"""
3,"""c""","""c_kernel"""
3,"""elm""","""elm"""
3,"""python""","""conda-env-work-py"""
3,"""R""","""conda-env-jupyter_r-r"""
3,"""R""","""R [jupyter_r]"""
3,"""python""","""python3-env"""
3,"""python""","""conda-env-box-py"""
3,"""python""","""Python [Test]"""
3,"""python""","""conda-env-geo-py"""
3,"""python""","""conda-env-plotly-py"""
3,"""python""","""py3.6"""
3,"""python""","""bsu3"""
3,,""""""
3,"""python""","""helpint"""
3,"""sagemath""","""sagemath"""
3,"""python""","""conda-env-seg_competition-py"""
3,"""python""","""conda-env-odm2client_20180915-py"""
3,"""python""","""conda-env-miniconda-py"""
3,"""python""","""pancancer-classifier"""
3,"""python""","""conda-env-cta-py"""
3,"""python""","""conda-env-provenance-dev-py"""
2,"""python""","""conda-env-myenv-py"""
2,"""python""","""Python [astra3]"""
2,"""python""","""conda-env-conda35-py"""
2,"""python""","""phylo-env"""
2,"""python""","""conda-env-spyder-py"""
2,"""python""","""desi-master"""
2,"""python""","""pyspark3-small"""
2,"""R""","""r-spark"""
2,"""python""","""Python [tensorflow35]"""
2,"""python""","""conda-env-optasense-py"""
2,"""python""","""conda-env-py3.6-py"""
2,"""""","""amlpp"""
2,"""python""","""aml-deep-learning-mnist_local"""
2,,"""datascience"""
2,"""python""","""conda_tensorflow"""
2,"""python""","""py36tensorflow"""
2,"""python""","""conda-env-espei-py"""
2,"""python""","""conda-env-insight3-py"""
2,"""python""","""clgen"""
2,"""python""","""conda-env-neo4j-py"""
2,"""python""","""conda-env-python3DS-py"""
2,"""python""","""conda-env-welly2-py"""
2,"""python""","""jupyter2_python_2"""
2,"""python""","""conda-env-cobra-merge-py"""
2,"""python""","""tellurium"""
2,"""python""","""py3env"""
2,"""python""","""snorkel-0.7-3.6-actually"""
2,"""R""","""conda-env-isaac_revo_healthcare-r"""
2,"""python""","""Python [Py35]"""
2,"""python""","""conda-env-dota-env-py"""
2,"""python""","""cia (p3)"""
2,"""""","""thesis"""
2,"""python""","""conda-env-Jerome-py"""
2,"""python""","""dfba"""
2,"""python""","""conda-env-neon-py"""
2,"""python""","""python2-gwframes"""
2,"""""","""sunpy-dev"""
2,"""python""","""vepypy"""
2,"""python""","""conda-env-POCS-py"""
2,"""cryptol""","""cryptol"""
2,"""python""","""conda-env-py36-test-py"""
2,"""python""","""hhw"""
2,"""python""","""conda-env-ImperialV-py"""
2,"""C++17""","""xeus-cling-cpp17"""
2,"""python""","""conda-env-bigleaf-py"""
2,"""python""","""conda-env-cvloop-py"""
2,"""python""","""glenv"""
2,"""python""","""conda-env-cvxpy-py"""
2,"""python""","""scistack"""
2,"""asm""","""calysto_lc3"""
2,"""python""","""conda-env-astra2-master-py"""
2,"""python""","""ftp"""
2,"""python""","""python_2"""
2,"""python""","""conda-env-py-py"""
2,"""python""","""c_o_w"""
2,"""python""","""conda-env-AI-py"""
2,"""python""","""conda-env-xanespy-py"""
2,"""python""","""py36-srb"""
2,"""python""","""conda-env-shap-py"""
2,"""casa""","""casapy"""
2,"""python""","""jupyter"""
2,"""python""","""sc17"""
2,"""python""","""python 3"""
2,"""python""","""cartolafc"""
2,"""python""","""arc1041"""
2,"""python""","""conda-env-basecamp-py"""
2,"""sql""","""postgres"""
2,"""python""","""senior-design"""
2,"""python""","""automl"""
2,,"""mochi"""
2,"""python""","""conda-env-tensor-flow-py"""
2,"""python""","""conda-env-mc3-2016-class-py"""
2,"""python""","""conda-env-py3_ley0.4-py"""
2,"""python""","""conda-env-cameo3.4-py"""
2,"""python""","""conda-env-deeplearning-py"""
2,"""python""","""t2t_kernel"""
2,"""R""","""conda-env-anaconda3-r"""
2,"""python""","""anaconda"""
2,"""python""","""conda-env-PDSH_mod-py"""
2,"""python""","""cc"""
2,"""python""","""Python [anaconda]"""
2,"""python""","""tf35"""
2,"""R""","""r-default"""
2,"""R""","""KERNEL_NAME"""
2,"""python""","""conda-env-cmac_env-py"""
2,"""python""","""conda-env-tree_dev-py"""
2,"""python""","""conda-env-coala-py"""
2,"""python""","""conda-env-PY36_clone-py"""
2,"""python""","""conda-env-petsc_debug-py"""
2,"""python""","""conda-env-proto3-py"""
2,"""python""","""conda-env-lsst-py"""
2,"""Fortran""","""fortran_spec"""
2,"""python""","""Python [DeepLearning]"""
2,"""python""","""conda_tensorflow_p36"""
2,"""python""","""Python [sci]"""
2,"""python""","""conda-env-pyxrf-py"""
2,"""python""","""cetb3"""
2,"""python""","""conda_python36"""
2,"""python""","""conda-env-SIPSim_py3-py"""
2,"""python""","""conda-env-wustl-py"""
2,"""python""","""cliche_py27"""
2,"""python""","""conda-env-biorxiv-licenses-py"""
2,"""python""","""conda-env-pycalphad-py"""
2,"""python""","""intel_distribution_of_python_3_2018u2"""
2,"""python""","""conda-env-py27_tf1-py"""
2,"""python""","""Python [nrf]"""
2,"""python""","""pygchemgitmaster_py27"""
2,"""python""","""ds_py27_env"""
2,"""bash""","""revbayes_kernel"""
2,"""python""","""conda-env-sdcEnv-py"""
2,"""scala""","""iscala-2.11"""
2,"""python""","""kbmod"""
2,"""babel""","""babel"""
2,"""python""","""astroconda_kernel"""
2,"""python""","""conda-env-welly-py"""
2,"""python""","""py36data"""
2,"""python""","""conda-env-enron-py"""
2,"""python""","""ocefpaf_python2"""
2,"""python""","""python-kafka-3.6"""
2,"""python""","""conda-env-tt-py"""
2,"""python""","""nersc_python27"""
2,"""python""","""pythonx"""
2,"""python""","""Python [tflearn]"""
2,"""python""","""dlnd-tf-lab"""
2,"""python""","""ana"""
2,"""python""","""conda-env-thesis-py"""
2,"""python""","""p36_corgi"""
2,"""python""","""conda-env-spatial-py"""
2,"""python""","""conda-env-driveit-py"""
2,"""python""","""conda-env-csci599-py"""
2,"""""","""imongo"""
2,"""python""","""mlenv"""
2,"""python""","""Python [6950]"""
2,"""python""","""conda-env-py2ins-py"""
2,"""python""","""saneth"""
2,"""scilab""","""scilab"""
2,"""cypher""","""cypher"""
2,"""python""","""conda-env-lb_main_analysis-py"""
2,"""python""","""ida32"""
2,"""python""","""ai"""
2,"""python""","""mltutorial"""
2,"""python""","""conda-env-coursera-py"""
2,"""python""","""conda-env-leno-py"""
2,"""python""","""conda-env-qmflows-py"""
2,"""python""","""conda-env-IOOS-py"""
2,"""python""","""pythonwithpixiedustspark21"""
2,"""python""","""conda-env-aiplay3-py"""
2,"""python""","""sandbox-venv-3"""
2,"""python""","""conda-env-jupyter27-py"""
2,"""python""","""tf_1_0"""
2,"""python""","""conda-env-keras2_py36-py"""
2,"""python""","""Python [cs489]"""
2,"""python""","""conda-env-bio-py"""
2,"""python""","""conda-env-ophiuchus-py"""
2,"""python""","""conda-env-tf_v5-py"""
2,"""python""","""conda-env-py3-finance-py"""
2,"""python""","""conda-env-yellowbrick-py"""
2,"""python""","""pythonpathkernel"""
2,"""python""","""tellurium-web"""
2,"""python""","""conda-env-inference-py"""
2,"""python""","""conda_idp2"""
2,"""python""","""Python [env]"""
2,"""python""","""qiskitenv"""
2,"""python""","""nilmtk-env"""
2,"""python""","""conda-env-general-py"""
2,"""""","""ebak"""
2,"""python""","""dstn"""
2,"""python""","""conda-env-mc3-class-py"""
2,"""csharp""","""icsharpkernel"""
2,"""python""","""conda-env-gnome-py"""
2,"""python""","""conda-env-arcgis-pyapi-py"""
2,"""python""","""desi-18.2a"""
2,"""python""","""standard2"""
2,"""python""","""conda-env-dl_course-py"""
2,"""python""","""conda-env-carnd-term1-py"""
2,"""python""","""conda-env-ipynb3-py"""
2,"""python""","""conda-env-WS1617-py"""
2,"""python""","""conda-env-gwb-py"""
2,"""python""","""cellpy"""
2,"""python""","""conda-env-analysis27-py"""
2,"""python""","""conda-env-cs4300-py"""
2,"""python""","""alex_test"""
2,"""python""","""conda_qiime2-2017.9"""
2,"""python""","""conda-env-py3_env-py"""
2,"""python""","""sfg2d"""
2,"""python""","""ml"""
2,"""python""","""Python [astra2]"""
2,"""python""","""conda-env-openai-py"""
2,"""C++11""","""xeus-cling-cpp11"""
2,"""python""","""py3dl"""
2,"""python""","""sandbox-venv-2"""
2,"""python""","""conda-env-aind-py"""
2,"""python""","""ipy_navitron_mac"""
2,"""python""","""py35_nltk"""
2,"""python""","""conda-env-py36_mpl21-py"""
2,"""python""","""pyspark3-lrg"""
2,"""""","""arabesque_1.0.2"""
2,"""python""","""py22"""
2,"""python""","""main_py34"""
2,"""python""","""conda-env-sunpy-py"""
2,"""python""","""conda-env-twoface-new-py"""
2,"""python""","""conda-env-pbpython3-py"""
2,"""python""","""Python [bio]"""
2,"""python""","""python3-wrapper"""
2,"""python""","""conda-env-herschelhelp_internal-py"""
2,"""python""","""python3-spark21"""
2,"""python""","""python3-Syrtis"""
2,"""python""","""conda-env-sunpy-aia-response-py"""
2,"""python""","""bibtex"""
2,"""python""","""dev-mph"""
2,"""python""","""ds"""
2,"""python""","""dlenv"""
2,"""python""","""conda-env-astro-py"""
2,"""python""","""obspy"""
2,"""python""","""conda-env-workshop-py"""
1,"""python""","""conda-env-tf18-py"""
1,"""R""","""ruvseq_r"""
1,"""python""","""Python [Rothschild-Data-Analysis]"""
1,"""python""","""python3-mining-news"""
1,"""python""","""conda-env-geoplot-py"""
1,"""python""","""Python [py36]"""
1,"""R""","""conda-env-renv-r"""
1,"""python""","""Python [hdbscan_dev3]"""
1,,"""sagemath"""
1,"""python""","""conda-env-ebak-py"""
1,"""python""","""conda-env-demo-py"""
1,"""python""","""conda-env-dev.py3.assembly-py"""
1,"""python""","""conda-env-pymc3_dev-py"""
1,"""python""","""Python [mslc]"""
1,"""python""","""system-python"""
1,"""python""","""conda-env-python3base-py"""
1,"""python""","""conda-env-plda-py"""
1,"""python""","""conda-env-urban-occupants-py"""
1,"""python""","""taxi_py3"""
1,"""python""","""conda-env-replication-py"""
1,"""python""","""conda-env-dev.py3.dammit-py"""
1,"""python""","""sdnfastai"""
1,"""python""","""gwpy.detchar"""
1,"""""","""neptune-kernel"""
1,"""python""","""conda-env-pyxrf_dev-py"""
1,"""python""","""Python [bdranalytics]"""
1,"""python""","""deepws"""
1,"""python""","""snschops"""
1,"""python""","""conda-env-umap_dev-py"""
1,"""python""","""conda-env-kidsPy2-py"""
1,"""python""","""conda-env-myvenv-py"""
1,,"""conda-root-py"""
1,"""""","""ophiuchus"""
1,"""python""","""conda-env-panoptes-env-py"""
1,"""scala""","""KERNEL_NAME"""
1,"""python""","""pygam36"""
1,"""python""","""slidetest"""
1,"""R""","""conda-env-R_wPY35-r"""
1,"""python""","""clean3.5"""
1,"""python""","""auto_cual-id-conda"""
1,"""python""","""optirun"""
1,"""python""","""cubeenv"""
1,"""python""","""gsa2018"""
1,"""python""","""conda-env-Py3ML-py"""
1,"""python""","""desi-master-ioannis"""
1,"""python""","""conda-env-arc-py"""
1,"""python""","""conda-env-Deep-py"""
1,"""python""","""py3k"""
1,"""python""","""conda-env-working_estnltk-py"""
1,"""python""","""conda-env-nd013-py"""
1,"""rust""","""rust"""
1,"""python""","""conda-env-cryptocurrency-analysis-py"""
1,"""python""","""conda_virtualenv"""
1,"""R""","""scnorm_r"""
1,"""python""","""conda-env-rllab3-py"""
1,"""python""","""conda-env-yelp-py"""
1,"""python""","""conda-env-rpy2_setup-py"""
1,"""python""","""conda-env-pl35-py"""
1,"""python""","""hiho"""
1,"""""","""rik_ssh_homard_python27"""
1,"""Fortran""","""coarray-fortran"""
1,"""python""","""conda-env-2016.10.21-py"""
1,"""python""","""conda-env-bstore-py"""
1,"""python""","""conda-env-folium-py"""
1,"""python""","""conda-env-neighbor-py"""
1,"""python""","""geocomp"""
1,"""python""","""conda-env-python3env-py"""
1,"""python""","""py4eng"""
1,"""python""","""ai_talk_code"""
1,"""python""","""idigbio-python-client3"""
1,"""python""","""xrft"""
1,"""bash""","""calysto_bash"""
1,"""python""","""russianhousingmarket"""
1,"""python""","""conda-env-gdal-py"""
1,"""python""","""Python [Data_Gathers]"""
1,"""python""","""tmvenv"""
1,"""python""","""Python [dlnd]"""
1,"""Python""","""@@name@@"""
1,"""python""","""conda-env-cx-py"""
1,"""c""","""c_spec"""
1,"""python""","""pybert_32"""
1,"""python""","""conda-root"""
1,"""python""","""conda-env-coss2018_mri-py"""
1,"""R""","""conda-env-py3-r"""
1,"""python""","""conda-env-vaex-forge2-py"""
1,"""python""","""cntk-py35"""
1,"""""","""py36"""
1,"""python""","""conda-env-mypy-py"""
1,"""python""","""intel_distribution_of_python_3_2018u1"""
1,"""python""","""paramiko-motm"""
1,"""python""","""py3_env"""
1,"""python""","""conda-env-ptsa-py"""
1,"""python""","""analysis-17q3.0_srv1"""
1,"""R""","""vamf_r"""
1,"""python""","""conda-env-bubble-py"""
1,"""python""","""tfkeras"""
1,"""python""","""conda-env-geospatial-py"""
1,"""swift""","""swift"""
1,"""python""","""conda-env-dev3-py"""
1,"""python""","""conda-env-geotwitter-py"""
1,"""""","""mleap-spark"""
1,"""python""","""Python [cntk-py35]"""
1,"""python""","""conda-env-ksproject1-py"""
1,"""python""","""conda-env-pandas_19_2-py"""
1,"""python""","""pysyft"""
1,"""python""","""Python [graphlab]"""
1,"""python""","""chx_debug"""
1,"""python""","""conda-env-clusterclyde-py"""
1,"""python""","""seaborn"""
1,"""python""","""conda-env-gis-py"""
1,"""python""","""Python [python2]"""
1,"""python""","""conda-env-nomkl-py"""
1,"""python""","""conda-env-tl_cycing_34-py"""
1,"""python""","""conda-env-spfemenv-py"""
1,"""python""","""conda-env-s2rnai-py"""
1,"""python""","""Python [python35]"""
1,"""python""","""python3.5_pytorch0.2"""
1,"""python""","""experimental-current"""
1,"""python""","""sea-lions-virtualenv"""
1,"""python""","""arviz3_6"""
1,"""python""","""auto_lter-conda"""
1,"""python""","""conda-env-keras1-py"""
1,"""python""","""conda-env-mammut-36-py"""
1,"""python""","""conda-env-credolib-py"""
1,"""python""","""conda-env-lse-py"""
1,,"""python"""
1,"""python""","""Python [blog-env]"""
1,"""python""","""icwsm"""
1,"""python""","""conda-env-tweets_USA-py"""
1,"""python""","""researchenv"""
1,"""python""","""conda-env-riboraptor-py"""
1,"""python""","""reinvent"""
1,"""python""","""conda-env-dsci6007-py"""
1,"""python""","""conda-env-sfp-py"""
1,"""python""","""conda-env-gofamiliar-py"""
1,"""python""","""conda-env-yourNewEnvironment-py"""
1,"""scala""","""arabesque_1.0.0-spark_scala"""
1,"""""","""archivespark2"""
1,"""python""","""conda-env-python3Env-py"""
1,"""python""","""conda-env-ada-py"""
1,"""python""","""conda-env-colour-2.7-py"""
1,"""python""","""double11"""
1,"""python""","""conda-env-udacity_p2-py"""
1,"""python""","""pimp"""
1,"""python""","""pysm2"""
1,"""lua""","""KERNEL_NAME"""
1,"""python""","""conda-env-shipdetection-py"""
1,"""python""","""conda-env-track_env-py"""
1,"""python""","""conda_two"""
1,"""R""","""scone_r"""
1,"""python""","""Python [hyperparams]"""
1,"""python""","""Python [py34]"""
1,"""python""","""conda-env-tf35-py"""
1,"""python""","""conda-env-booq-py"""
1,"""python""","""conda-env-ophiuchus-dev-py"""
1,"""""","""mpstmhal"""
1,"""python""","""anaconda_py34"""
1,"""python""","""gpflow_venv"""
1,"""python""","""mxnet"""
1,"""python""","""conda-env-poetry-py"""
1,"""python""","""conda-env-skccm-py"""
1,"""python""","""Python [env_rl]"""
1,"""python""","""Python [capstone]"""
1,"""text""","""tdi"""
1,"""python""","""nowarn"""
1,"""python""","""keras2.1.1-tensorflow"""
1,"""python""","""conda-env-effelsberg-py"""
1,"""python""","""conda-env-bempp-py"""
1,"""python""","""eniric"""
1,"""text""","""mdstcl"""
1,"""python""","""conda-env-edas-py"""
1,"""python""","""conda-env-unidata-workshop-py"""
1,"""python""","""antara"""
1,"""python""","""conda-env-dev.py3.khmer.assembly-py"""
1,"""python""","""conda-env-mayavi_jupyter-py"""
1,"""python""","""conda-env-snakes-py"""
1,"""python""","""conda-env-test_env-py"""
1,"""python""","""conda-env-mltoolbox_testing-py"""
1,"""python""","""conda-env-hdf_blog_test-py"""
1,"""python""","""Python [cntk-py34]"""
1,"""R""","""seurat_r"""
1,"""python""","""etk2_env"""
1,"""python""","""conda-env-rast-py"""
1,"""python""","""mierobotpy2"""
1,"""python""","""conda-env-web3-py"""
1,"""python""","""mkgu"""
1,"""python""","""Python [network]"""
1,"""python""","""conda-env-estnltk141-py"""
1,"""python""","""clean"""
1,"""python""","""pytorch0.2"""
1,"""python""","""mypython2"""
1,"""python""","""machinelearning"""
1,"""python""","""conda-env-gala-biff-dev-py"""
1,"""python""","""forecastonishing_env"""
1,"""python""","""desi-17.9"""
1,"""/Users/Enkay/anaconda/bin/python""","""python2"""
1,"""python""","""py3torch"""
1,"""python""","""marchmad"""
1,"""python""","""distributed_ideation"""
1,"""j""","""jkernel"""
1,"""python""","""3.6_nilearn_01"""
1,"""""","""sparql"""
1,"""python""","""imaging-py2.7"""
1,"""python""","""mpworks"""
1,"""python""","""Python [ml-env]"""
1,"""python""","""python3_brew"""
1,"""python""","""tableau"""
1,"""perl6""","""perl6"""
1,"""python""","""Python [endava35]"""
1,"""python""","""turb"""
1,"""python""","""digicampipe"""
1,"""q""","""q"""
1,"""python""","""combatpy_python"""
1,"""""","""joypy"""
1,"""R""","""combatpy_r"""
1,"""python""","""cti-python-stix2"""
1,"""python""","""conda_pymc3"""
1,"""python""","""conda-env-vk_env01-py"""
1,"""python""","""{{ cookiecutter.conda_env_name }}"""
1,"""python""","""conda-env-pre-proc-py"""
1,"""python""","""dev44_27"""
1,"""python""","""conda-env-miniflow-py"""
1,"""python""","""python3.3"""
1,"""python""","""Python [elfi]"""
1,"""python""","""conda-env-kcl-fire-aot-py"""
1,"""python""","""lsst_stack"""
1,"""python""","""pythonwithpixiedustspark16"""
1,"""python""","""conda-env-namicAnacondaEnv-py"""
1,"""python""","""conda-env-opsd_time_series-py"""
1,"""python""","""wwbt_pipenv"""
1,"""python""","""conda_deeplearning"""
1,"""mrbayes""","""mrbayes_kernel"""
1,"""python""","""conda-env-ioos36-py"""
1,"""python""","""enron"""
1,"""python""","""face_recog"""
1,"""""","""openmdao-0.10.3.2"""
1,"""""","""atk"""
1,"""python""","""plot"""
1,"""python""","""conda-env-pycalphad-release-py"""
1,"""python""","""conda_qiime2-pipeline"""
1,"""python""","""Python [mtf]"""
1,"""python""","""py3itac"""
1,"""python""","""pybromo_env"""
1,"""python""","""python3-yt"""
1,"""python""","""conda-env-astra-dbg-py"""
1,"""python""","""bayesian_optimization"""
1,"""""","""lupyter"""
1,"""python""","""conda-env-jup-blog-py"""
1,"""python""","""conda-env-py3env-py"""
1,"""python""","""conda-env-datascience-py"""
1,"""python""","""conda-env-condap3-py"""
1,"""python""","""ensembles"""
1,"""R""","""r-spark20"""
1,"""python""","""my_ms_lib"""
1,"""python""","""conda-env-bccn2017-py"""
1,"""""","""spring_kernel"""
1,"""python""","""macosko2015-env"""
1,"""python""","""conda-env-pmsearch-py"""
1,"""python""","""conda-env-DeepLearning-py"""
1,"""python""","""riboraptor_clean"""
1,"""python""",
1,"""python""","""teweb-api"""
1,"""python""","""t3"""
1,"""""","""mpunix"""
1,"""python""","""auto_data-analysis-conda"""
1,"""""","""sunpy-release"""
1,"""ansible""","""ansible"""
1,"""python""","""sys-py"""
1,"""python""","""conda-env-vtk-py"""
1,"""python""","""python [root]"""
1,"""matlab""","""imatlab"""
1,"""python""","""conda-env-NewEnv-py"""
1,"""python""","""conda-env-my_env-py"""
1,"""python""","""Python [python27-web]"""
1,"""python""","""fsclvm_python"""
1,"""R""","""svaseq_r"""
1,"""python""","""env-nmfsubnet"""
1,"""python""","""conda-env-deep-learning-py"""
1,"""python""","""jython_kernel"""
1,"""python""","""bitcoin-prices"""
1,"""python""","""conda-env-mayavi2-py"""
1,"""python""","""scrapy-env"""
1,"""python""","""py3dev"""
1,"""python""","""conda-env-vlgp-py"""
1,"""python""","""deep3"""
1,"""python""","""doppelganger"""
1,"""python""","""handson-ml"""
1,"""python""","""flutype_webapp3"""
1,"""python""","""language"""
1,"""python""","""conda-env-BigData-py"""
1,"""sql""","""sql"""
1,"""python""","""pychx_comp"""
1,"""python""","""conda-env-auction_test-py"""
1,"""python""","""pikepdf"""
1,"""python""","""conda-env-mpl2-py"""
1,"""python""","""conda-env-untitled1-py"""
1,"""""","""jskernel"""
1,"""python""","""lime"""
1,"""ignore""","""ignore"""
1,"""spad""","""ifricas"""
1,"""python""","""foliumdev34"""
1,"""python""","""conda-env-rewards_py2-py"""
1,"""python""","""conda-env-CGSN-py"""
1,"""python""","""akit"""
1,"""python""","""conda-env-pycharmDev-py"""
1,"""python""","""tnsorflow"""
1,"""python""","""conda-env-femiani-py"""
1,"""python""","""conda-env-Py2-py"""
1,"""python""","""conda-env-sfa_dev-py"""
1,"""python""","""Python [deep_surv]"""
1,"""python""","""idax-python"""
1,"""python""","""conda-env-pytorch-dev-py"""
1,"""python""","""conda-env-PBM_testing-py"""
1,"""""","""scala"""
1,"""cpp""","""cpp"""
1,"""python""","""Python [python-dev]"""
1,"""python""","""venv_c_o_w"""
1,"""python""","""tensorflow_1.0_isolated"""
1,"""python""","""pm2_dlvm"""
1,"""python""","""conda-env-Python_2.7-py"""
1,"""python""","""plant_notebooks"""
1,"""python""","""Python [azurecli]"""
1,"""python""","""conda-env-outreach-py"""
1,"""python""","""conda-env-py35_b-py"""
1,"""R""","""conda-env-R-env-r"""
1,"""python""","""dev"""
1,"""R""","""scran_r"""
1,"""python""","""conda-env-py36n-py"""
1,"""python""","""whose_env"""
1,"""python""","""Python [dato-env]"""
1,"""python""","""hoh-gwuhn"""
1,"""python""","""conda-env-python_3-py"""
1,"""python""","""mmdnet"""
1,"""python""","""conda-env-googlepicks-py"""
1,"""python""","""irl_python3"""
1,"""python""","""conda-env-plotting_intro-py"""
1,"""python""","""conda-env-env35-py"""
1,"""""","""py35"""
1,"""python""","""kcl-fire-aot"""
1,"""python""","""conda-env-tf_cpu-py"""
1,"""python""","""conda-env-pancancer-classifier-py"""
1,"""python""","""Python [iaml]"""
1,"""python""","""conda-env-ml1labs-py"""
1,"""python""","""conda_nams"""
1,"""python""","""conda-env-graphics-py"""
1,"""R""","""limma_r"""
1,"""stimsym""","""stimsym"""
1,"""python""","""conda-env-py2k-py"""
1,"""python""","""conda-env-notebooks-py"""
1,"""python""","""env2-evaluation-kernel"""
1,"""python""","""uptodate"""
1,"""TutorialD""","""tutd"""
1,"""python""","""conda-env-Auspex-py"""
1,"""python""","""fai"""
1,"""c""","""bash"""
1,"""python""","""python361"""
1,"""python""","""cameo-env"""
1,"""python""","""conda-env-tweet_py2-py"""
1,"""python""","""tf_1_1"""
1,"""javascript""",
1,"""python""","""p36"""
1,"""python""","""conda-env-QISKitenv-py"""
1,"""python""","""conda-env-dask-py"""
1,"""twocode""","""twocode"""
1,"""python""","""Python [traffic-signs]"""
1,"""python""","""conda-env-calour-py"""
1,"""python""","""conda-env-dsotc-c3-py"""
1,"""python""","""conda-env-tm-py"""
1,"""""","""xf23id1-srv1"""
1,"""python""","""ica"""
1,"""python""","""conda-env-skedm_env-py"""
1,"""python""","""conda-env-analysis-py"""
1,"""python""","""conda-env-miniconda3-py"""
1,"""python""","""wtte-dev"""
1,"""python""","""py2env"""
1,"""python""","""conda-env-qmworks-py"""
1,"""python""","""Python [intro]"""
1,"""python""","""deeplearning3.5"""
1,"""python""","""conda-env-AAshish-py"""
1,"""python""","""conda-env-webdev-py"""
1,"""python""","""conda-env-bdranalytics-py"""
1,"""python""","""snakeflow"""
1,"""python""","""conda-env-remote-geomod-py"""
1,"""python""","""conda-env-gefry3-py3-py"""
1,"""python""","""conda-env-abc4py-py"""
1,"""python""","""conda-env-50states-py"""
1,"""python""","""conda-env-geopandas-py"""
1,"""python""","""python2-wrapper"""
1,"""python""","""conda-env-LinearRegressionEx-py"""
1,"""python""","""conda-env-casper-py"""
1,"""python""","""conda-env-grafeno-py"""
1,"""python""","""conda-env-astroconda3-py"""
1,"""python""","""conda-env-test-py"""
1,"""python""","""Python [data-cleaner]"""
1,"""sparql""","""sparql"""
1,"""javascript""","""ijavascript"""
1,"""python""","""tf12"""
1,"""python""","""prototyping"""
